{"1": {"n_qubits": 35, "errors": [0.0, 0.07343927810907275, 0.014384620847321283, 0.03370057780600505, 0.00996809636048046, 0.021082393639563213, 0.05882640839616532, 0.08312292571287339, 0.0053668210284464335, 0.09707227370974858, 0.02652827500774413, 0.029335927090345826, 0.08606459173114867, 0.01684518264863505, 0.09961746247255315], "angles": [0.06666666666666667, 0.13333333333333333, 0.2, 0.26666666666666666, 0.3333333333333333, 0.4, 0.4666666666666667, 0.5333333333333333, 0.6, 0.6666666666666666, 0.7333333333333333, 0.8, 0.8666666666666667, 0.9333333333333333, 1.0], "nonlocal_depths": [9, 17, 29, 41, 53, 65, 77, 89, 101, 113, 125, 137, 149, 161, 173], "total_depths": [68, 128, 199, 273, 361, 431, 568, 658, 748, 838, 883, 1018, 1108, 1198, 1288], "n_qubits_lightcone": [5, 9, 15, 24, 30, 34, 36, 36, 36, 36, 36, 36, 36, 36, 36]}, "0": {"n_qubits": 21, "errors": [0.0006199063397890336, 0.003163725211567714, 0.0017911825742430443, 2.732659818105443e-05, 0.002172116132417745, 0.005577546813198664, 0.003813925909089688, 9.445397218421636e-05, 0.0064424170778064616, 0.004139798552823981], "angles": [0.05, 0.1, 0.15000000000000002, 0.2, 0.25, 0.30000000000000004, 0.35000000000000003, 0.4, 0.45, 0.5], "nonlocal_depths": [5, 17, 29, 41, 53, 65, 77, 89, 101, 113], "total_depths": [43, 126, 198, 298, 388, 478, 568, 658, 748, 838], "n_qubits_lightcone": [3, 8, 13, 20, 22, 22, 22, 22, 22, 22]}}