{"0": {"n_qubits": 31, "errors": [0.025915544623615006, 0.024390293684743325, 0.017556076153931732, 0.012877162253642327, 0.0034550365788492687, 0.013724304758864991, 0.012030023848686955, 0.004057967716225519, 0.016472990091903155, 0.01430245461397647, 0.007072472640496616, 0.007638115428283507, 0.005616153954927368], "angles": [0.0, 0.1, 0.2, 0.3, 0.5, 0.7, 0.8, 1.0, 1.2, 1.3, 1.4, 1.5, 1.5707], "std": [[0.004501334440251803, 0.005349025630172477, 0.0034033051099640055, 0.003568574862448326, 0.006258259881650963, 0.00466029634497267, 0.003889790447452246, 0.0024541908958666536, 0.005249703742296066, 0.00433825218296463, 0.002633581667849886, 0.0029340832855025553, 0.001985968843788215], [0.0035848037579147007, 0.0036240131686331445, 0.003512278660390611, 0.00365082139176931, 0.006637047396595985, 0.008841915851182214, 0.005753606277389189, 0.003304848577317665, 0.005436041309936954, 0.006971967565835745, 0.0038968866146802377, 0.004687996186375249, 0.005604002978599839]], "CNOT_depth": 15}, "1": {"n_qubits": 37, "errors": [0.003983952860827479, 0.007058625773120676, 0.005939641436321509, 0.014226407889975309, 0.009673155423009424, 0.015372972175486832, 0.000980309467050064, 0.04703191165385461, 0.02633011742752911, 0.0392032058453341, 0.008861040128994913, 0.03987111340859961, 0.048935667322705045], "angles": [0.0, 0.1, 0.2, 0.3, 0.5, 0.7, 0.8, 1.0, 1.2, 1.3, 1.4, 1.5, 1.5707], "std": [[0.01651900215896972, 0.029856218532426735, 0.025573342482106992, 0.019844335068903353, 0.02498749158383172, 0.021288398554755943, 0.017610248400078965, 0.016540303243416668, 0.04173312071721669, 0.037942671725387456, 0.05590908275767903, 0.05732428003712697, 0.040647326550441676], [0.01950040687658155, 0.011808170045703364, 0.01364735612389503, 0.019258426628036528, 0.01740585957323433, 0.011560711436492474, 0.013905804807947883, 0.0441363371851193, 0.050931092695925995, 0.05053844849678912, 0.047686766163217875, 0.05192637637198305, 0.06070450129242855]], "CNOT_depth": 15}, "2": {"n_qubits": 68, "errors": [0.009489043843188206, 0.029352067477501024, 0.014395255580271275, 0.004973862440563759, 0.07017045625346224, 0.018155882341042345, 0.0953244557059914, 0.017481039942289833, 0.08140280455009274, 0.12156800620057517, 0.050143980623796214, 0.024517471179681283], "angles": [0.0, 0.25, 0.5, 1.0, 1.2, 1.25, 1.3, 1.35, 1.4, 1.45, 1.5, 1.5707], "std": [[0.029949359277205937, 0.0220576286487522, 0.019177467077544124, 0.011609689350098536, 0.006435070072364404, 0.0814637937164694, 0.1610499569164153, 0.14374113764862828, 0.09501911941174429, 0.18681531593685807, 0.12390996241843255, 0.19009792330931685], [0.013331838273916364, 0.02722542345601979, 0.017927248217931263, 0.023821243889372026, 0.03599156478447728, 0.24461619707258186, 0.22222123456253146, 0.15585014149927762, 0.16041436979302082, 0.17805966032389187, 0.15830521599683123, 0.1753152652776062]], "CNOT_depth": 15}, "3": {"n_qubits": 127, "errors": [0.024264534998939435, 0.009875762463802396, 0.023162141683177095, 0.02108463782469694, 0.012915555279885527, 0.022477394515588944, 0.12364623248742179, 0.051222578957856646, 0.027926704243187744, 0.002949113445707873, 0.0014623543662314557], "angles": [0.0, 0.1, 0.2, 0.3, 0.4, 0.5, 0.6, 0.7, 0.8, 1.0, 1.5707], "std": [[0.03904687533701612, 0.029931688057936556, 0.037319027503918245, 0.03785211549133405, 0.044650640783192586, 0.03938850730957366, 0.038959938025279195, 0.038790389733901975, 0.035928108561547656, 0.010638378049399747, 0.010035664251654006], [0.05663497803523354, 0.042730746033328604, 0.04881175038849461, 0.04702847216311923, 0.05218971520504723, 0.05145694199543227, 0.036476046063769196, 0.04732369091555144, 0.05138807909089782, 0.016262993254501264, 0.00963417277125997]], "CNOT_depth": 60}}