{"times": [0.0, 0.01020408163265306, 0.02040816326530612, 0.030612244897959183, 0.04081632653061224, 0.0510204081632653, 0.061224489795918366, 0.07142857142857142, 0.08163265306122448, 0.09183673469387754, 0.1020408163265306, 0.11224489795918366, 0.12244897959183673, 0.13265306122448978, 0.14285714285714285, 0.1530612244897959, 0.16326530612244897, 0.17346938775510204, 0.18367346938775508, 0.19387755102040816, 0.2040816326530612, 0.21428571428571427, 0.22448979591836732, 0.2346938775510204, 0.24489795918367346, 0.25510204081632654, 0.26530612244897955, 0.2755102040816326, 0.2857142857142857, 0.29591836734693877, 0.3061224489795918, 0.31632653061224486, 0.32653061224489793, 0.336734693877551, 0.3469387755102041, 0.3571428571428571, 0.36734693877551017, 0.37755102040816324, 0.3877551020408163, 0.39795918367346933, 0.4081632653061224, 0.4183673469387755, 0.42857142857142855, 0.4387755102040816, 0.44897959183673464, 0.4591836734693877, 0.4693877551020408, 0.47959183673469385, 0.4897959183673469, 0.5], "energy": [1.0000000000000042, 0.998130522165096, 0.9925786295765833, 0.9835113153782011, 0.9711982907243771, 0.95599959871648, 0.9383492953011776, 0.9187361315489065, 0.8976823228974189, 0.8757215690367095, 0.853377490384694, 0.8311435766466452, 0.8094656080887334, 0.7887273234127727, 0.7692398848986393, 0.7512354486091566, 0.7348649017547723, 0.7201995963581153, 0.70723670145645, 0.695907625621689, 0.686088834678364, 0.6776143099500763, 0.6702888608196268, 0.6639015197271646, 0.6582383035209133, 0.6530937160738458, 0.6482804857386533, 0.6436371691563637, 0.6390334013993887, 0.6343727226808614, 0.629593055567695, 0.6246650362273111, 0.6195885122454134, 0.6143876028935744, 0.6091047719540483, 0.6037943866821336, 0.5985162294373004, 0.5933293930170869, 0.5882869305391467, 0.5834315510053949, 0.5787925586577368, 0.5743841347055071, 0.5702049608969254, 0.5662390922859196, 0.5624579071760223, 0.558822900201298, 0.5552890429919853, 0.5518084174437573, 0.5483338292215136, 0.544822132208449]}