{"backend": "ibm_brisbane", "clusters": {"0": {"compute": [0, 1, 2, 3, 4, 14, 15, 18, 19, 20, 21, 22], "ancilla": [5]}, "1": {"compute": [8, 9, 10, 11, 12, 16, 17, 26, 27, 28, 29, 30], "ancilla": [13]}, "2": {"compute": [37, 38, 39, 40, 41, 52, 53, 56, 57, 58, 59, 60], "ancilla": [42]}, "3": {"compute": [45, 46, 47, 48, 49, 54, 55, 64, 65, 66, 67, 68], "ancilla": [50]}, "4": {"compute": [75, 76, 77, 78, 79, 90, 91, 94, 95, 96, 97, 98], "ancilla": [80]}, "5": {"compute": [83, 84, 85, 86, 87, 92, 93, 102, 103, 104, 105, 106], "ancilla": [88]}}, "strengths": {"coupling": 4, "field": 3}, "step_size": 0.1, "steps": [1, 2, 3, 4, 5, 6, 7, 8, 9, 10], "times": [0.05, 0.1, 0.15000000000000002, 0.2, 0.25, 0.30000000000000004, 0.35000000000000003, 0.4, 0.45, 0.5], "job_ids": {"1": "cq1bhged7we0008k3s5g", "2": "cq1bhjp28rp0008xn1g0", "3": "cq1bhnp28rp0008xn1hg", "4": "cq1bhrz28rp0008xn1jg", "5": "cq1bhx77z1hg00863x40", "6": "cq1bj2rph3s0008fq6rg", "7": "cq1bjahd7we0008k3scg", "8": "cq1bjm2dhsd0008e7q40", "9": "cq1bk14hbttg008j93t0", "10": "cq1bkkpph3s0008fq740"}, "num_clifford_samples": [1, 5, 10, 10, 10, 10, 10, 10, 10, 10], "num_non_clifford_gates": [1, 4, 8, 12, 12, 12, 12, 12, 12, 12], "standard_exact": {"1": 0.955336489125606, "2": 0.8506662873696547, "3": 0.7455680349634205, "4": 0.6780441176141501, "5": 0.6444478980267994, "6": 0.6215195200360251, "7": 0.5957780639966029, "8": 0.5697290605151544, "9": 0.5486958658910813, "10": 0.531025623424083}, "clifford_exact": {"1": [0.955336489125606], "2": [0.8253356149096782, 0.8322295313807418, 1.0, 0.851822882966627, 0.8512313757741797], "3": [1.0, 0.6600862418583008, 0.6216099682706643, 0.660677749050748, 0.7524270133478789, 0.7452104211648102, 0.7600934980196719, 0.7520068513062655, 0.744858072017164, 0.7524191796430969], "4": [1.0, 0.47818303856627353, 0.7072561410089346, 0.48248476733087997, 0.36235775447667334, 0.6706051472715284, 0.7023897437579087, 0.4780917380595079, 0.6742079439265569, 0.7427414816863631], "5": [0.32361777225145266, 1.0, 0.6916851653855396, 0.324448687665264, 0.34107253450444586, 0.7186134932886765, 0.324456521370046, 0.7165641251697561, 0.07073720166770264, 0.8116072852756706], "6": [1.0, 0.6673737973614797, 0.7456217954899984, 0.22529995453135687, -0.22720209469308733, 0.2709002902179863, 0.22538449728638027, 0.7441624043685509, 0.7457061430331945, 0.9196991253205036], "7": [1.0, 0.17612520616586025, 0.2890675606869638, 0.7930602383690061, -0.5048461045998577, 0.5864980041143837, 0.4325882006631594, 0.7604345214644102, 0.9932586474968756, 0.5864980041143836], "8": [-0.7373937155412456, 0.1725333500049161, 1.0, 0.21061795112269416, 0.46014595128634717, 0.20863222393355552, 0.7553905115766923, 0.3911473574231732, 0.3997235105740663, 0.4601459512863472], "9": [1.0, -0.904072142017061, 0.2669919881532157, 0.8938171493652101, 0.35171547067920006, 0.5522649428703481, 0.17992964214448653, 0.260714217309867, 0.662084147446655, 0.8658299715864849], "10": [1.0, 0.7331592900492273, 0.78867177154287, 0.1627722140550921, 0.32903219129774786, 0.718212186658334, 0.571693677273102, 0.3197677219010498, -0.9899924966004451, 0.8957339401000002]}}