{"energy":[1.0,0.9553364891256061,0.8506662873828237,0.7455680350583734,0.6780441204347768,0.6780441204347768,0.6215196395352082,0.5957784306572086,0.5697301663391358,0.5697301663391358,0.5486980522687156],"times":[0.0,0.05,0.1,0.15,0.2,0.25,0.3,0.35,0.4,0.45,0.5],"bond_dim":256}