{"times": [0.0, 0.05, 0.1, 0.15000000000000002, 0.2, 0.25, 0.30000000000000004, 0.35000000000000003, 0.4], "steps": [0, 1, 2, 3, 4, 5, 6, 7, 8], "vals": [1.0, 0.9800665778412416, 0.9327955879850064, 0.8859197173135351, 0.8616214227714353, 0.8626210045218565, 0.8751825503275803, 0.8836728393087395, 0.8826259368685014]}