{"backend": "ibm_sherbrooke", "clusters": {"0": {"compute": [0, 1, 2, 3, 4, 14, 15, 18, 19, 20, 21, 22, 23, 24, 33, 34, 39, 40, 41, 42, 43], "ancilla": [5]}, "1": {"compute": [8, 9, 10, 11, 12, 16, 17, 26, 27, 28, 29, 30, 31, 32, 35, 36, 47, 48, 49, 50, 51], "ancilla": [13]}, "2": {"compute": [75, 76, 77, 78, 79, 90, 91, 94, 95, 96, 97, 98, 99, 100, 109, 110, 114, 115, 116, 117, 118], "ancilla": [80]}, "3": {"compute": [83, 84, 85, 86, 87, 92, 93, 102, 103, 104, 105, 106, 107, 108, 111, 112, 122, 123, 124, 125, 126], "ancilla": [88]}}, "strengths": {"coupling": 4, "field": 2}, "step_size": 0.1, "steps": [1, 2, 3, 4, 5, 6, 7, 8, 9, 10], "times": [0.05, 0.1, 0.15000000000000002, 0.2, 0.25, 0.30000000000000004, 0.35000000000000003, 0.4, 0.45, 0.5], "job_ids": {"1": "cq59010ph3s00080yx7g", "2": "cq5905828rp0008xzb2g", "3": "cq59099ph3s00080yx80", "4": "cq590d9hbttg008r6mpg", "5": "cq590mt28rp0008xzb40", "6": "cq590zbd7we000852nj0", "7": "cq591bxph3s00080yx9g", "8": "cq591tfd7we000852nm0", "9": "cq592dh7z1hg008fjfyg", "10": "cq5932wd7we000852nng"}, "num_clifford_samples": [2, 6, 10, 10, 10, 10, 10, 10, 10, 10], "num_non_clifford_gates": [2, 7, 12, 19, 22, 22, 22, 22, 22, 22], "standard_exact": {}, "clifford_exact": {"1": [0.9800665778412416, 1.0], "2": [1.0, 0.9329125195894917, 0.9241766773367913, 0.9330318294477495, 0.9210609940028851, 0.9327955879850064], "3": [1.0, 0.8432942947016819, 0.8253356149096783, 0.8874298223503899, 0.8431749848434241, 0.8890171723239664, 0.8874298223503898, 0.8857586304018978, 0.8873438663424209, 0.8874305364697299], "4": [0.7532862346550158, 1.0, 0.8686245950210808, 0.7523831349070875, 0.8762099341121893, 0.8606779603313591, 0.8675387849925742, 0.6967067093471655, 0.7524017835733318, 0.8597227391717972], "5": [0.6683051012475733, 0.6718094982071188, 1.0, 0.6683058153669134, 0.6681309884807562, 0.5403023058681398, 0.8814771876402782, 0.8756775044980589, 0.8575637156332075, 0.9028119694503642], "6": [1.0, 0.6049309719327376, 0.604930654694918, 0.8438292332848625, 0.6049305430748606, 0.604938527049342, 0.6040664636745026, 0.6148474852560968, 0.3623577544766736, 0.9102899015905944], "7": [1.0, 0.568084203567209, 0.5711245181523931, 0.5935745097434448, 0.16996714290024095, 0.9917713401488799, 0.5711245224266956, 0.5711701716182446, 0.9318072739690936, 0.5711230729765601], "8": [1.0, 0.9343250196069413, 0.6121637196064119, 0.8033803867589581, 0.5692633226718541, -0.02919952230128872, 0.5605723645379587, 0.9971584048632477, 0.8419337878761317, 0.5690680471896769], "9": [0.6669684447894343, 1.0, 0.934277276460489, 0.5950757032151636, 0.5743765390510002, 0.927829159655859, -0.22720209469308705, 0.7767326547347504, 0.6928911899880206, 0.59443706756918], "10": [1.0, 0.9147070572289747, -0.4161468365471424, 0.5964886791532823, 0.6381627848709764, 0.8949960962961342, 0.720672713683693, 0.6588508574141416, 0.8926193462783987, 0.8949960962961341]}}