{"backend": "ibm_sherbrooke", "clusters": {"0": {"compute": [0, 1, 2, 3, 4, 14, 15, 18, 19, 20, 21, 22, 23, 24, 33, 34, 39, 40, 41, 42, 43], "ancilla": [5]}, "1": {"compute": [8, 9, 10, 11, 12, 16, 17, 26, 27, 28, 29, 30, 31, 32, 35, 36, 47, 48, 49, 50, 51], "ancilla": [13]}, "2": {"compute": [75, 76, 77, 78, 79, 90, 91, 94, 95, 96, 97, 98, 99, 100, 109, 110, 114, 115, 116, 117, 118], "ancilla": [80]}, "3": {"compute": [83, 84, 85, 86, 87, 92, 93, 102, 103, 104, 105, 106, 107, 108, 111, 112, 122, 123, 124, 125, 126], "ancilla": [88]}}, "strengths": {"coupling": 4, "field": 2}, "step_size": 0.1, "steps": [1, 2, 3, 4, 5, 6, 7, 8, 9, 10], "times": [0.05, 0.1, 0.15000000000000002, 0.2, 0.25, 0.30000000000000004, 0.35000000000000003, 0.4, 0.45, 0.5], "job_ids": {"1": "cq57j4gdhsd0008kh780", "2": "cq57j8h7z1hg008gcx5g", "3": "cq57jc128rp0008xz8yg", "4": "cq57jgj7z1hg008gcx70", "5": "cq57jpt28rp0008xz93g", "6": "cq57jzk28rp0008xz940", "7": "cq57kbx7z1hg008gcxbg", "8": "cq57kt728rp0008xz96g", "9": "cq57mb9hbttg008r6jpg", "10": "cq57n0wd7we0008m3pj0"}, "num_clifford_samples": [2, 6, 10, 10, 10, 10, 10, 10, 10, 10], "num_non_clifford_gates": [2, 7, 12, 19, 22, 22, 22, 22, 22, 22], "standard_exact": {}, "clifford_exact": {"1": [0.9800665778412416, 1.0], "2": [1.0, 0.9210609940028851, 0.9241766773367913, 0.9327955879850064, 0.9329125195894917, 0.9330318294477495], "3": [0.8873438663424209, 0.8431749848434241, 1.0, 0.8859210496517776, 0.8432942947016819, 0.8253356149096783, 0.8874305364697299, 0.8874298223503898, 0.8890171723239664, 0.8857586304018978], "4": [0.7524017835733318, 1.0, 0.8686245950210808, 0.6967067093471655, 0.8675387849925742, 0.8762099341121893, 0.7532862346550158, 0.8606589900091414, 0.8686033611066655, 0.7523831349070875], "5": [0.6718094982071188, 1.0, 0.852848883215839, 0.9028119694503642, 0.8575507383474436, 0.6681309884807562, 0.5403023058681398, 0.6683058153669134, 0.8814769569640257, 0.8816793662256203], "6": [0.6148474852560968, 1.0, 0.3623577544766736, 0.951787128677702, 0.9114947766475976, 0.604938527049342, 0.910447888116694, 0.6040664636745026, 0.8590903987540128, 0.6049305430748606], "7": [1.0, 0.568084203567209, 0.5935745097434448, 0.8840726209558736, 0.16996714290024095, 0.9318072739690936, 0.8448157743518948, 0.811323708257897, 0.9362862511945649, 0.5711230729765601], "8": [1.0, -0.02919952230128872, 0.5692633226718541, 0.9343250196069413, 0.6121637196064119, 0.8419337878761317, 0.5605723645379587, 0.5690778515861211, 0.9971584048632477, 0.8081890411715305], "9": [0.934277276460489, 1.0, 0.5743765390510002, 0.5945860070939923, -0.22720209469308705, 0.59443706756918, 0.5944839654532792, 0.9644984048149216, 0.7767326547347504, 0.6669684447894343], "10": [1.0, 0.5964886791532823, 0.6397402394135062, -0.4161468365471424, 0.7472375693654988, 0.720672713683693, 0.9056717482874694, 0.7133838464167894, 0.9147070572289747, 0.8603086189467577]}}