{"backend": "ibm_sherbrooke", "clusters": {"0": {"compute": [0, 1, 2, 3, 4, 14, 15, 18, 19, 20, 21, 22, 23, 24, 33, 34, 39, 40, 41, 42, 43], "ancilla": [5]}, "1": {"compute": [8, 9, 10, 11, 12, 16, 17, 26, 27, 28, 29, 30, 31, 32, 35, 36, 47, 48, 49, 50, 51], "ancilla": [13]}, "2": {"compute": [75, 76, 77, 78, 79, 90, 91, 94, 95, 96, 97, 98, 99, 100, 109, 110, 114, 115, 116, 117, 118], "ancilla": [80]}, "3": {"compute": [83, 84, 85, 86, 87, 92, 93, 102, 103, 104, 105, 106, 107, 108, 111, 112, 122, 123, 124, 125, 126], "ancilla": [88]}}, "strengths": {"coupling": 4, "field": 2}, "step_size": 0.1, "steps": [1, 2, 3, 4, 5, 6, 7, 8, 9, 10], "times": [0.05, 0.1, 0.15000000000000002, 0.2, 0.25, 0.30000000000000004, 0.35000000000000003, 0.4, 0.45, 0.5], "job_ids": {"1": "cq57x047z1hg008fje40", "2": "cq57x4c7z1hg008fje4g", "3": "cq57x7mph3s00080yvt0", "4": "cq57xc57z1hg008fje50", "5": "cq57xje7z1hg008fje5g", "6": "cq57xv7hbttg008r6k2g", "7": "cq57y6rd7we0008m3q00", "8": "cq57yma28rp0008xz9jg", "9": "cq57z9ddhsd0008kh7sg", "10": "cq57zz728rp0008xz9m0"}, "num_clifford_samples": [2, 6, 10, 10, 10, 10, 10, 10, 10, 10], "num_non_clifford_gates": [2, 7, 12, 19, 22, 22, 22, 22, 22, 22], "standard_exact": {}, "clifford_exact": {"1": [0.9800665778412416, 1.0], "2": [0.9241766773367913, 0.9329125195894917, 1.0, 0.9210609940028851, 0.9330318294477495, 0.9327955879850064], "3": [1.0, 0.8432942947016819, 0.8858389195408293, 0.8874305364697299, 0.8431749848434241, 0.8253356149096783, 0.8873438663424209, 0.8890171723239664, 0.8858395795132682, 0.8874298223503899], "4": [0.7523831349070875, 0.7532862346550158, 0.8762099341121893, 1.0, 0.6967067093471655, 0.8686033611066655, 0.8675387849925742, 0.8686026451049557, 0.7524017835733318, 0.868603365380968], "5": [0.8816793662256203, 0.6718094982071188, 0.9028119694503642, 0.8814771876402783, 0.6683058153669134, 0.6681309884807562, 1.0, 0.8756775044980589, 0.6683051012475733, 0.5403023058681398], "6": [1.0, 0.6148474852560968, 0.3623577544766736, 0.604938527049342, 0.9102899015905944, 0.951787128677702, 0.6040664636745026, 0.9114947766475976, 0.6049305430748606, 0.910447888116694], "7": [1.0, 0.568084203567209, 0.9917713401488799, 0.5711245181523931, 0.5935745097434448, 0.8448157743518948, 0.5711230729765601, 0.9326689117065989, 0.16996714290024095, 0.8840726209558736], "8": [-0.02919952230128872, 0.9343250196069413, 0.8839358132007006, 1.0, 0.9971584048632477, 0.8081890411715305, 0.6121637196064119, 0.5692633226718541, 0.5690779148072138, 0.5605723645379587], "9": [0.7587756764873584, 1.0, 0.6669684447894343, 0.5743765390510002, 0.6928911899880206, -0.22720209469308705, 0.5950757032151636, 0.934277276460489, 0.7464373176453172, 0.899373271894548], "10": [1.0, 0.7472375693654988, -0.4161468365471424, 0.6381627848709764, 0.5964886791532823, 0.8949960962961341, 0.6397402394135062, 0.9147070572289747, 0.7056087608738033, 0.8704833403731302]}}