{"energy":[1.0,0.980066577841241,0.9327955884226814,0.8859197170140433,0.8616213853957895,0.8616213853957895,0.8751823873049033,0.8836732107851907,0.8826273495018822,0.8826273495018822,0.8768388970695239],"times":[0.0,0.05,0.1,0.15,0.2,0.25,0.3,0.35,0.4,0.45,0.5],"bond_dim":16}