{"energy":[1.0,0.9977786007011233,0.9912807818541138,0.9809898066316194,0.9676599563070717,0.9676599563070717,0.935813727416058,0.9194468797563844,0.904150587791725,0.904150587791725,0.8907706031091153,0.8799301918462142,0.8670475246994463,0.864932502712532,0.8652669567469397,0.8675123244664931,0.8710397473377421,0.8710397473377421,0.8752012537483217,0.8793961492013798,0.8831258258898977,0.8860319416631832,0.8879145050430853,0.888731982964734,0.8876499341815643,0.8861987255224242,0.8844893513063656,0.8827512639300495,0.8811429148358608,0.8797332044262345,0.8784902960757214],"times":[0.0,0.016666666666666666,0.03333333333333333,0.05,0.06666666666666667,0.08333333333333333,0.1,0.11666666666666667,0.13333333333333333,0.15,0.16666666666666666,0.18333333333333332,0.2,0.21666666666666667,0.23333333333333334,0.25,0.26666666666666666,0.2833333333333333,0.3,0.31666666666666665,0.3333333333333333,0.35,0.36666666666666664,0.38333333333333336,0.4,0.4166666666666667,0.43333333333333335,0.45,0.4666666666666667,0.48333333333333334,0.5],"bond_dim":16}