{"times": [0.0, 0.06666666666666667, 0.13333333333333333, 0.2, 0.26666666666666666, 0.3333333333333333, 0.4, 0.4666666666666667, 0.5333333333333333, 0.6], "steps": [0, 1, 2, 3, 4, 5, 6, 7, 8, 9], "vals": [1.0, 0.48304555794027665, -0.516623476967689, -0.9597253065358122, -0.4134779004038703, 0.5063388598043717, 0.8511893811562614, 0.3258885092959892, -0.4582656844442269, -0.7045614462665264]}