{"energy":[1.0,0.48304555794027787,-0.5166234769676796,-0.9597253065627549,-0.4134833075387225,-0.4134833075387225,0.8511731344001006,0.3259694104849934,-0.4579901562006472,-0.4579901562006472,-0.7043437678647625,-0.23980033923025776,0.552141270261643,0.16787651760793418,-0.31175632981748747,-0.4183014437735469],"times":[0.0,0.06666666666666667,0.13333333333333333,0.2,0.26666666666666666,0.3333333333333333,0.4,0.4666666666666667,0.5333333333333333,0.6,0.6666666666666666,0.7333333333333333,0.8,0.8666666666666667,0.9333333333333333,1.0],"bond_dim":4}