{"energy":[1.0,0.9492354180824422,0.8023965777474731,0.8023965777474731,0.29127352569875864,-0.0198411144686534,-0.0198411144686534,-0.5976862399495785,-0.8060742509766506,-0.8060742509766506,-0.9602043456005951,-0.9602043456005951,-0.8923744448089619,-0.5091583962107024,-0.23616994971868613,-0.23616994971868613,0.3327185397085681,0.5713592648694268,0.5713592648694268,0.7470583884598223,0.8529289750888165,0.8529289750888165,0.7769213208729601,0.4178195910301472,0.4178195910301472,0.17548723845333758,-0.31026987959125185,-0.5056064198699151,-0.6435368813404221,-0.6435368813404221,-0.7123422696605646,-0.7077955614719489,-0.4996561349642378,-0.3226166108656153,-0.12183693113228096,0.08175641206641163,0.08175641206641163,0.26796246595042095,0.41920028277907123,0.5687830628289701,0.5573027122299472,0.4917447914548201,0.4917447914548201,0.3813914010339385,0.2394609229380062,-0.0761370230693054,-0.21815530930325575,-0.3314538320269976,-0.3314538320269976,-0.4064404250397961,-0.43781076194606927],"times":[0.0,0.02,0.04,0.06,0.08,0.1,0.12,0.14,0.16,0.18,0.2,0.22,0.24,0.26,0.28,0.3,0.32,0.34,0.36,0.38,0.4,0.42,0.44,0.46,0.48,0.5,0.52,0.54,0.56,0.58,0.6,0.62,0.64,0.66,0.68,0.7,0.72,0.74,0.76,0.78,0.8,0.82,0.84,0.86,0.88,0.9,0.92,0.94,0.96,0.98,1.0],"bond_dim":4}